book,node,direction,mw,price
Houston,HB_NORTH,Short,323,40.631469391696726
North,HB_HOUSTON,Short,421,33.196725885374285
West,HB_NORTH,Short,383,29.77206285793653
Houston,HB_HOUSTON,Long,120,34.40181519051264
North,CORYCELL_138,Short,310,56.189052981898556
West,WOODLANDS_69,Short,538,70.34504636119635
North,WOODLANDS_69,Long,567,48.81908754405461
Houston,HB_WEST,Short,161,37.047385336970144
Houston,HB_NORTH,Short,306,50.8184760453112
Houston,HB_NORTH,Long,215,44.7961786540274
South,WOODLANDS_69,Long,187,27.680175585936404
Houston,HB_WEST,Short,225,80.35204108100332
North,HB_SOUTH,Short,372,25.636973429078335
North,HB_HOUSTON,Long,219,27.47248116858834
South,HB_NORTH,Long,76,43.02522723734342
West,HB_WEST,Long,250,71.6071244856289
North,HB_NORTH,Long,199,54.332034820648914
North,HB_SOUTH,Long,343,55.67548640899963
South,HB_HOUSTON,Long,106,62.024651082636765
West,HB_HOUSTON,Short,332,27.409879702295243
South,HB_HOUSTON,Short,584,82.5281181203784
West,WOODLANDS_69,Long,135,57.970335498162655
Houston,HB_SOUTH,Short,297,74.42029043708871
West,HB_NORTH,Long,107,50.74465785254158
West,HB_WEST,Long,311,51.14985964730018
Houston,HB_WEST,Long,308,35.10178395226423
North,HB_HOUSTON,Short,112,46.60240427633654
North,HB_NORTH,Short,161,36.09471641514329
North,CORYCELL_138,Long,375,79.76292323219778
South,HB_WEST,Short,385,44.70736819301699
North,HB_WEST,Long,597,48.971036842247216
South,HB_NORTH,Short,150,33.05059244654702
Houston,HB_WEST,Long,80,84.53180715379283
West,WOODLANDS_69,Long,326,59.28636733797907
Houston,CORYCELL_138,Long,192,59.47026081503856
South,HB_SOUTH,Long,269,33.7312600662773
West,HB_HOUSTON,Long,567,65.75504867261805
Houston,HB_SOUTH,Long,292,65.86632270090706
South,HB_HOUSTON,Long,214,79.25055575747834
West,HB_HOUSTON,Short,52,42.0202569690245
North,HB_HOUSTON,Short,397,77.18624978183732
South,HB_SOUTH,Long,180,51.62045495217401
North,CORYCELL_138,Long,414,38.510166908099634
South,HB_WEST,Long,179,64.64428187866935
Houston,HB_WEST,Short,130,26.958173730286056
North,CORYCELL_138,Short,212,76.48172428416042
West,HB_WEST,Long,533,28.9229080984713
West,CORYCELL_138,Long,586,48.92278728701317
Houston,HB_SOUTH,Long,150,33.59990831113082
South,HB_HOUSTON,Short,107,53.23329657618118
North,HB_WEST,Long,578,82.4473052876059
South,HB_NORTH,Short,56,33.55851046703822
Houston,WOODLANDS_69,Short,583,31.45062400887379
North,HB_SOUTH,Short,431,36.874340117977596
West,CORYCELL_138,Long,262,81.30847709705074
South,WOODLANDS_69,Short,496,41.869773517320915
North,HB_SOUTH,Short,350,61.42105360147145
South,HB_HOUSTON,Long,466,42.315486001367944
North,WOODLANDS_69,Long,528,68.17603500180766
North,HB_HOUSTON,Long,170,62.869666605213084
Houston,HB_HOUSTON,Short,367,82.57733519727115
South,HB_NORTH,Short,57,44.73089215676836
Houston,HB_NORTH,Short,439,43.75397764196957
Houston,HB_NORTH,Long,537,71.75025972990008
North,HB_SOUTH,Short,270,34.49123465213295
South,HB_HOUSTON,Long,60,68.68677160570795
North,HB_WEST,Short,75,71.32653658689303
North,CORYCELL_138,Short,409,76.50311465809455
West,HB_WEST,Short,50,66.38980154095367
Houston,HB_SOUTH,Short,367,35.02180863392641
West,CORYCELL_138,Long,590,45.15710498711498
South,HB_SOUTH,Long,347,28.35168877083894
North,HB_HOUSTON,Long,397,70.16701754708919
South,CORYCELL_138,Short,468,66.46869075082182
West,WOODLANDS_69,Short,196,55.891985306943496
West,HB_HOUSTON,Long,192,83.72089905387512
West,HB_SOUTH,Long,360,44.18815655483279
West,WOODLANDS_69,Short,464,78.42667160304111
North,WOODLANDS_69,Short,280,35.905381496706575
West,HB_HOUSTON,Long,543,82.30384100242486
Houston,HB_WEST,Short,358,42.32866422062472
Houston,HB_HOUSTON,Long,200,73.37471139337258
Houston,WOODLANDS_69,Long,477,31.736886907244624
West,WOODLANDS_69,Long,266,49.55060746511166
West,HB_WEST,Long,255,82.95445871367372
Houston,HB_WEST,Short,294,43.67476435013204
Houston,HB_HOUSTON,Short,103,71.83248164924679
Houston,HB_SOUTH,Long,113,54.06646727155085
West,HB_HOUSTON,Short,461,61.319356230226674
West,WOODLANDS_69,Short,255,60.91271757448738
North,HB_SOUTH,Long,304,59.21398951927973
South,HB_WEST,Short,540,54.002380255213474
Houston,CORYCELL_138,Long,214,36.43640645188146
South,HB_NORTH,Long,498,25.734782466572547
North,HB_NORTH,Short,533,65.64178870290147
South,HB_NORTH,Short,551,67.35842387327496
West,HB_WEST,Short,113,71.43133863922368
West,CORYCELL_138,Long,245,80.85111784972003
North,HB_HOUSTON,Short,525,34.75359885369078
Houston,HB_SOUTH,Short,390,78.42896278628396
Houston,WOODLANDS_69,Long,182,39.151889980032045
West,HB_HOUSTON,Long,204,57.530200234412284
Houston,HB_NORTH,Long,392,40.56128162689658
West,WOODLANDS_69,Long,96,33.33337942014101
North,CORYCELL_138,Short,297,28.085237649119435
Houston,HB_WEST,Short,345,45.616980765247924
North,HB_NORTH,Short,434,83.27965134764294
North,HB_SOUTH,Long,312,53.35312307815098
Houston,WOODLANDS_69,Long,206,27.25451965563898
North,HB_NORTH,Long,354,65.47926918983299
North,HB_SOUTH,Long,555,37.10809144768011
Houston,HB_NORTH,Short,174,28.504794777235052
West,WOODLANDS_69,Long,379,72.55472056115866
West,CORYCELL_138,Long,65,51.77349692946439
South,HB_HOUSTON,Short,576,83.63147821069055
South,HB_WEST,Long,177,67.88561544737072
North,HB_NORTH,Short,209,42.31504767838744
West,HB_WEST,Long,379,83.88306940564266
North,HB_HOUSTON,Long,375,77.2487118662365
Houston,HB_SOUTH,Long,317,43.96330092702813
South,HB_HOUSTON,Short,68,42.43193437883359
West,HB_HOUSTON,Long,568,55.14568708803104
North,CORYCELL_138,Long,450,57.506292816889214
Houston,HB_HOUSTON,Long,495,59.71867259495015
North,WOODLANDS_69,Long,88,38.0517611672155
Houston,HB_SOUTH,Long,167,28.280373757066254
North,WOODLANDS_69,Long,324,57.491293945628875
South,HB_HOUSTON,Long,344,61.38311281241144
West,HB_NORTH,Short,92,82.4763472095918
West,HB_NORTH,Short,232,57.620509516990715
West,HB_WEST,Short,571,34.378750563247706
West,CORYCELL_138,Short,545,43.4363613810224
West,HB_WEST,Long,195,28.117862554183155
South,HB_NORTH,Short,357,25.9234611005665
Houston,HB_HOUSTON,Short,414,53.677339978853965
West,HB_SOUTH,Short,97,64.71951311788192
North,HB_SOUTH,Long,155,82.08413665962695
North,WOODLANDS_69,Short,255,63.01244700060086
Houston,CORYCELL_138,Short,483,35.863836620158736
West,HB_HOUSTON,Long,408,79.43402611347283
West,WOODLANDS_69,Long,410,77.79615632811591
Houston,WOODLANDS_69,Short,559,49.45667106649623
South,HB_WEST,Short,119,56.34928975433972
Houston,HB_WEST,Long,245,54.9618478920502
South,HB_HOUSTON,Short,335,51.42056903495495
West,HB_NORTH,Long,316,44.78618033969791
South,HB_WEST,Short,456,84.20977892516237
South,HB_HOUSTON,Short,354,79.49324423160637
South,HB_SOUTH,Long,343,45.00557061768521
North,CORYCELL_138,Long,270,61.85382972053803
North,CORYCELL_138,Short,380,30.12579127596225
West,CORYCELL_138,Long,69,69.72034336871515
West,HB_NORTH,Long,213,75.62226241909912
Houston,CORYCELL_138,Short,100,53.009133371453416
Houston,HB_SOUTH,Long,530,29.55692008053077
West,HB_WEST,Long,585,59.94081580580536
North,CORYCELL_138,Long,470,28.293232098722665
West,WOODLANDS_69,Short,403,73.95660501194645
South,WOODLANDS_69,Short,171,60.10137575632283
North,HB_HOUSTON,Short,577,77.25255952057142
North,WOODLANDS_69,Long,207,47.73654160004937
Houston,WOODLANDS_69,Long,546,40.00933942919715
North,HB_NORTH,Long,302,81.32176436443122
Houston,HB_NORTH,Short,268,79.04765926542743
South,CORYCELL_138,Long,472,28.961529021389385
North,HB_SOUTH,Long,347,76.79718383114299
South,HB_NORTH,Long,274,80.68129014391084
Houston,HB_NORTH,Long,171,52.191824843081946
South,WOODLANDS_69,Long,329,78.56246316352559
South,HB_SOUTH,Long,473,51.8369429710057
West,HB_NORTH,Long,545,28.433290997457725
South,HB_SOUTH,Long,58,57.782620174922684
South,HB_NORTH,Short,167,81.16132698088398
Houston,HB_NORTH,Long,520,57.04621715606982
Houston,WOODLANDS_69,Short,587,33.342072088474495
North,HB_WEST,Long,528,51.376587034803485
West,HB_HOUSTON,Long,187,31.374390946626402
West,HB_NORTH,Long,207,60.117165764733485
Houston,WOODLANDS_69,Long,93,62.481366723063964
Houston,CORYCELL_138,Long,175,64.84762293798423
West,WOODLANDS_69,Short,589,28.173450664456322
West,HB_WEST,Long,305,75.88926959829973
South,HB_NORTH,Short,151,80.00553398108536
North,WOODLANDS_69,Short,476,42.206485772259136
South,HB_SOUTH,Short,505,71.98479290762708
West,CORYCELL_138,Short,174,54.00238027111432
Houston,HB_HOUSTON,Short,61,56.86828555233657
Houston,HB_NORTH,Short,203,39.56889138685566
West,HB_NORTH,Short,498,78.68425195771788
Houston,HB_HOUSTON,Long,57,82.50120231329245
North,HB_NORTH,Long,393,64.27830525547768
North,HB_SOUTH,Short,216,34.10147469745908
South,HB_SOUTH,Long,257,57.07018833997585
South,WOODLANDS_69,Short,365,43.14769696917077
Houston,HB_NORTH,Short,343,52.05188426072638
Houston,HB_HOUSTON,Long,107,65.4724578666291
South,HB_NORTH,Long,213,29.24215922591337
West,WOODLANDS_69,Long,240,37.19799896399823
South,HB_NORTH,Short,522,69.99255596852034
West,HB_WEST,Long,81,27.290115190313436
North,HB_HOUSTON,Short,332,61.111916069119744
Houston,CORYCELL_138,Long,534,41.0360690069933
South,HB_HOUSTON,Long,315,79.14914989236502
South,HB_SOUTH,Long,110,74.98607304337673
West,HB_SOUTH,Short,414,80.16011679173292
Houston,HB_NORTH,Short,598,30.631858652066562
Houston,WOODLANDS_69,Long,497,84.683030957396
South,HB_NORTH,Long,306,33.6098333627409
West,HB_SOUTH,Long,492,77.20753302356701
West,HB_HOUSTON,Long,397,47.55811034130522
North,HB_SOUTH,Long,553,82.30616658230454
South,HB_SOUTH,Short,94,25.06244250676465
Houston,HB_NORTH,Short,178,66.35022647131203
West,HB_SOUTH,Short,172,84.73952394238447
Houston,HB_HOUSTON,Long,591,66.63202712612627
South,HB_NORTH,Short,521,67.39260617083525
North,WOODLANDS_69,Short,140,65.03493080997173
South,CORYCELL_138,Short,494,83.76235940090018
West,WOODLANDS_69,Long,295,68.0563624981416
Houston,HB_WEST,Long,437,54.81612669174391
Houston,HB_NORTH,Long,473,39.86587245679312
South,WOODLANDS_69,Short,331,71.61978918615564
West,WOODLANDS_69,Long,321,34.66140429789968
West,HB_NORTH,Long,231,28.728065585731034
Houston,HB_SOUTH,Long,315,70.78710088180986
North,WOODLANDS_69,Short,54,47.130052887569725
South,WOODLANDS_69,Short,421,37.729941146413424
Houston,HB_HOUSTON,Short,276,71.01686347758375
South,HB_NORTH,Long,333,77.05797622051335
Houston,HB_SOUTH,Short,77,31.329507689484636
West,CORYCELL_138,Long,472,49.89692387152978
North,WOODLANDS_69,Long,526,26.425209300362983
West,WOODLANDS_69,Short,415,74.6592529615763
North,WOODLANDS_69,Short,161,25.492856422749384
South,HB_NORTH,Long,227,48.43071416137683
West,CORYCELL_138,Long,223,79.16459094554588
West,HB_HOUSTON,Long,331,60.00205381811656
Houston,WOODLANDS_69,Long,188,73.17022053229033
Houston,HB_NORTH,Short,466,33.097808428193254
West,WOODLANDS_69,Short,217,31.881300283490454
Houston,HB_NORTH,Long,89,46.26355892614569
South,WOODLANDS_69,Long,73,65.38686296515044
South,HB_NORTH,Short,448,34.79941708256858
North,HB_HOUSTON,Long,160,28.932830855286106
North,HB_WEST,Long,118,83.54979958174647
Houston,WOODLANDS_69,Long,122,42.44686939869335
Houston,HB_WEST,Short,193,62.46419006431734
South,HB_SOUTH,Short,427,64.57282855843312
Houston,WOODLANDS_69,Short,175,27.318614941466734
West,HB_SOUTH,Long,475,58.954108947499755
South,WOODLANDS_69,Short,325,37.0182231122944
North,CORYCELL_138,Long,385,30.39268294981743
South,HB_NORTH,Long,318,48.81456552060214
Houston,HB_SOUTH,Long,320,72.57028236894041
Houston,CORYCELL_138,Long,468,83.14331683083749
North,CORYCELL_138,Short,251,54.703145924105655
South,HB_HOUSTON,Long,453,78.24907430438029
North,CORYCELL_138,Long,272,81.71119969112391
South,WOODLANDS_69,Short,569,51.57627799630071
South,HB_SOUTH,Long,448,33.72178914492663
Houston,WOODLANDS_69,Long,504,43.60629183677443
South,HB_SOUTH,Short,244,48.25248579192563
South,HB_WEST,Short,419,52.271728951815035
West,HB_HOUSTON,Short,464,63.68004433847177
Houston,HB_WEST,Short,190,63.71226961154028
South,HB_NORTH,Short,224,57.59529522013036
South,HB_WEST,Long,414,38.69844724662871
Houston,HB_NORTH,Short,150,46.80798964735891
West,WOODLANDS_69,Short,485,49.80636722035154
North,HB_NORTH,Long,569,64.82380332851858
South,HB_SOUTH,Short,531,33.48795519777341
South,HB_SOUTH,Short,72,39.4982927785438
South,HB_NORTH,Long,259,42.03190307410276
North,CORYCELL_138,Long,182,56.10216187313843
North,HB_WEST,Long,592,70.44991898564743
Houston,HB_HOUSTON,Long,219,75.66068107062868
North,CORYCELL_138,Short,291,69.54077286419282
North,WOODLANDS_69,Short,133,69.89011230480632
Houston,HB_WEST,Short,521,39.451041201199075
South,WOODLANDS_69,Long,184,78.08841252818101
North,HB_NORTH,Long,495,28.153861807781524
Houston,CORYCELL_138,Short,56,57.41445946760972
Houston,WOODLANDS_69,Long,94,30.30579271439347
North,CORYCELL_138,Short,543,61.05256106371362
North,CORYCELL_138,Short,451,27.83740823456037
South,HB_SOUTH,Short,530,63.45407479448496
West,HB_SOUTH,Short,66,27.02095478130589
Houston,CORYCELL_138,Short,457,34.906902990298754
South,WOODLANDS_69,Short,106,70.20284552140772
Houston,HB_SOUTH,Short,424,43.16548948154691
West,HB_HOUSTON,Long,160,78.04744574785312
Houston,HB_SOUTH,Short,557,30.887731533066635
West,HB_SOUTH,Long,321,56.833021129997846
West,HB_NORTH,Long,328,80.54771983004747
West,HB_HOUSTON,Short,180,49.78865972951654
North,HB_NORTH,Short,71,44.666898214361666
North,HB_SOUTH,Long,230,82.95884919605211
Houston,WOODLANDS_69,Long,385,50.45227531050443
Houston,HB_WEST,Long,279,66.93032191330843
Houston,CORYCELL_138,Short,350,80.1964056509841
Houston,HB_NORTH,Long,424,25.646352993617
West,CORYCELL_138,Long,557,59.16135652903656
North,HB_HOUSTON,Short,267,67.80680315551815
South,HB_SOUTH,Long,391,50.13951525868586
South,HB_SOUTH,Long,92,65.3761220197319
North,HB_SOUTH,Short,336,73.38498058207607
South,WOODLANDS_69,Long,302,43.93524659655226
West,HB_HOUSTON,Long,576,44.387647578026844
West,HB_NORTH,Long,328,30.266015257642376
Houston,CORYCELL_138,Long,186,82.30126894746391
North,HB_NORTH,Short,137,26.976081175253203
Houston,CORYCELL_138,Short,233,53.24348834621893
West,WOODLANDS_69,Short,400,56.971443989985744
West,WOODLANDS_69,Short,306,33.46381955734579
Houston,CORYCELL_138,Short,215,54.40317182990049
North,HB_SOUTH,Long,221,42.68406711998857
North,HB_WEST,Short,107,73.15346196945373
West,HB_SOUTH,Short,182,74.38786834172444
South,CORYCELL_138,Short,241,50.96687206817592
North,HB_HOUSTON,Long,311,51.06963873526062
North,HB_HOUSTON,Long,528,29.553795721588678
North,HB_SOUTH,Long,209,46.428678176368436
North,HB_NORTH,Long,168,49.3371083092419
Houston,CORYCELL_138,Short,229,51.7976867392298
South,HB_HOUSTON,Short,369,52.17429987849824
South,CORYCELL_138,Long,224,30.53086236075852
Houston,HB_WEST,Long,441,34.785694379741486
North,HB_SOUTH,Long,100,51.03242262944808
North,HB_SOUTH,Long,412,47.702661950003986
West,HB_HOUSTON,Long,113,33.54461051003614
North,CORYCELL_138,Short,290,63.91950599989794
North,HB_SOUTH,Long,296,32.05839129484303
West,HB_NORTH,Short,571,25.31088421585976
South,WOODLANDS_69,Long,296,61.75650398136712
Houston,WOODLANDS_69,Long,300,29.96574479038258
Houston,HB_WEST,Long,200,28.627216644678136
Houston,WOODLANDS_69,Long,396,30.14520672997553
West,HB_HOUSTON,Long,149,81.18078434463058
Houston,HB_HOUSTON,Short,527,31.321958689796666
North,HB_HOUSTON,Short,182,75.34213281887341
South,HB_WEST,Long,184,71.59534508701384
North,HB_WEST,Long,312,75.47238065909953
Houston,HB_NORTH,Short,478,61.31162876582041
South,WOODLANDS_69,Long,132,34.30663336579974
West,HB_SOUTH,Short,540,71.25433725904641
West,HB_NORTH,Short,597,58.92790699066386
Houston,HB_SOUTH,Long,328,59.099392889880406
North,CORYCELL_138,Short,95,61.526386251928564
North,HB_WEST,Long,513,33.900760287761855
West,HB_SOUTH,Short,499,42.488040501168996
Houston,HB_SOUTH,Long,473,84.60964504467545
North,HB_HOUSTON,Short,456,77.4084697212237
South,HB_SOUTH,Short,225,46.55414836868054
West,HB_SOUTH,Long,242,84.1921923100208
West,WOODLANDS_69,Long,250,29.178719539605943
Houston,HB_WEST,Short,208,45.929818103463106
West,CORYCELL_138,Long,160,58.31195975741947
West,HB_NORTH,Long,59,62.2583390277851
Houston,WOODLANDS_69,Long,227,73.30952593699155
Houston,WOODLANDS_69,Short,427,69.19978557440501
South,HB_HOUSTON,Short,314,66.2815474299882
Houston,CORYCELL_138,Short,413,83.46145188813074
West,HB_WEST,Long,86,60.901934976362085
North,HB_SOUTH,Long,441,25.393437515265653
Houston,WOODLANDS_69,Short,176,62.005149763430126
South,HB_NORTH,Short,560,70.53615790519187
South,HB_WEST,Short,466,80.08584237603675
South,HB_SOUTH,Long,122,48.540289676330055
North,HB_NORTH,Long,309,28.097492335796936
North,WOODLANDS_69,Long,536,32.60794921264675
North,CORYCELL_138,Short,491,79.4763145228915
West,HB_SOUTH,Long,580,82.03392666998703
Houston,CORYCELL_138,Short,165,38.956152697911534
South,HB_SOUTH,Short,379,65.53630399499221
North,HB_WEST,Short,113,53.39968209860481
South,WOODLANDS_69,Long,371,61.26217031843269
West,CORYCELL_138,Short,74,28.02064003170359
South,CORYCELL_138,Long,302,82.8407362104853
South,CORYCELL_138,Long,141,53.29699952790213
West,HB_SOUTH,Short,216,71.3574234185511
South,HB_NORTH,Short,494,55.994109721466536
North,HB_WEST,Long,545,76.40624610182141
North,HB_SOUTH,Long,313,62.97156423536805
North,HB_SOUTH,Short,561,44.239177020442526
Houston,WOODLANDS_69,Short,540,54.91576417345224
South,HB_WEST,Long,297,72.43457697371304
West,HB_NORTH,Long,361,41.09251964864288
West,HB_NORTH,Short,131,72.21941872520551
Houston,HB_WEST,Long,122,67.52338101418238
Houston,WOODLANDS_69,Long,118,25.49844555886273
North,CORYCELL_138,Short,84,77.00396571287901
West,HB_NORTH,Short,136,56.250684461584214
Houston,WOODLANDS_69,Short,59,80.65068460302862
Houston,HB_NORTH,Long,390,25.651404741733764
North,WOODLANDS_69,Long,175,76.70623154479235
South,HB_WEST,Short,557,71.20756944046224
South,HB_SOUTH,Short,256,64.66438398677563
South,CORYCELL_138,Short,311,60.88202857184558
South,HB_SOUTH,Short,571,60.96100255862761
Houston,HB_NORTH,Short,586,75.33431295442546
West,WOODLANDS_69,Long,203,84.63613466548126
South,WOODLANDS_69,Long,517,52.72905115830444
Houston,HB_NORTH,Long,407,58.98668624037442
North,HB_HOUSTON,Long,313,35.897525677347545
North,WOODLANDS_69,Short,471,48.51678979229316
Houston,WOODLANDS_69,Short,258,35.157450809007166
West,HB_SOUTH,Long,516,25.626101864863802
North,HB_WEST,Long,595,68.41295726552025
North,HB_SOUTH,Short,428,43.35271167866277
West,HB_WEST,Long,269,77.20286417481219
West,HB_NORTH,Short,392,54.47728565520195
West,HB_NORTH,Short,134,73.24860461791681
West,CORYCELL_138,Long,125,50.419642742849405
Houston,HB_SOUTH,Short,466,74.96490005004256
West,HB_NORTH,Long,52,76.35827104263592
North,CORYCELL_138,Long,203,53.010217504901206
West,HB_NORTH,Short,517,80.98160423541893
South,CORYCELL_138,Short,471,42.715617698933855
West,WOODLANDS_69,Long,502,47.43400611521385
West,HB_SOUTH,Long,457,53.5983675114295
South,HB_WEST,Long,102,69.88774602128275
Houston,CORYCELL_138,Short,225,48.92145790538277
South,HB_NORTH,Short,408,30.0287848028829
South,HB_HOUSTON,Long,303,25.139972726386944
Houston,HB_HOUSTON,Short,596,77.36440313888525
South,HB_SOUTH,Long,460,63.395894274672344
Houston,HB_WEST,Short,141,35.20157577880213
West,HB_HOUSTON,Long,324,79.12754887345434
South,WOODLANDS_69,Short,561,68.33807639017536
Houston,HB_HOUSTON,Short,500,70.91622733610058
North,CORYCELL_138,Short,127,51.96906978693788
North,HB_WEST,Short,528,70.18222251488584
West,WOODLANDS_69,Long,233,61.35717078065847
South,HB_HOUSTON,Short,149,69.07534086460524
Houston,HB_WEST,Short,74,45.302226234652835
South,CORYCELL_138,Long,78,57.101229523899505
North,WOODLANDS_69,Short,307,27.133597541632167
South,HB_WEST,Short,132,34.738178554583456
South,CORYCELL_138,Long,466,76.3840205460677
Houston,HB_SOUTH,Short,551,64.36307405510092
Houston,HB_WEST,Long,579,74.6811100413342
North,HB_WEST,Long,246,58.66486773918258
South,HB_HOUSTON,Short,413,50.93263148500531
North,HB_SOUTH,Short,452,73.9078170732974
Houston,HB_WEST,Long,275,27.829476446803557
Houston,HB_HOUSTON,Long,65,66.19932010263398
West,HB_HOUSTON,Short,67,61.56654502793773
South,CORYCELL_138,Long,211,27.138825458396315
West,HB_HOUSTON,Long,381,45.137596405914195
Houston,WOODLANDS_69,Short,445,56.10630908617879
North,HB_NORTH,Long,203,26.948975224989542
West,CORYCELL_138,Long,303,43.48184791408787
North,WOODLANDS_69,Short,122,25.891231852232583
West,CORYCELL_138,Short,287,41.3099808219506
Houston,CORYCELL_138,Short,278,83.64889484378224
Houston,HB_SOUTH,Long,359,52.21775314713085
West,WOODLANDS_69,Short,316,81.97142596045231
South,HB_WEST,Long,252,73.25017415370576
North,HB_HOUSTON,Short,177,40.73226818949336
Houston,WOODLANDS_69,Long,477,81.20431482036602
South,HB_HOUSTON,Short,517,43.005441557691796
North,WOODLANDS_69,Long,481,45.71763724168983
West,HB_WEST,Long,155,43.201630206879855
West,CORYCELL_138,Long,533,51.53616181862018
North,WOODLANDS_69,Short,152,29.41878661797064
Houston,CORYCELL_138,Short,168,73.9798328273802
North,WOODLANDS_69,Long,64,29.91545036925065
North,WOODLANDS_69,Short,179,53.71478672704998
North,WOODLANDS_69,Long,226,29.168744019186143
South,HB_NORTH,Long,144,64.28684314976518
North,HB_NORTH,Short,304,52.0124869892598
North,HB_HOUSTON,Long,162,25.06798085489824
Houston,CORYCELL_138,Short,202,50.87348234008317
North,HB_SOUTH,Long,532,46.821827507896984
West,HB_WEST,Short,353,79.84793628110151
Houston,CORYCELL_138,Long,409,60.93877163393058
South,HB_HOUSTON,Long,354,74.63111423182829
Houston,HB_WEST,Short,102,33.678963973706175
Houston,HB_HOUSTON,Long,114,32.581774529490005
West,HB_HOUSTON,Short,599,35.973988705074454
North,HB_WEST,Short,396,81.61942817495876
Houston,HB_NORTH,Short,169,30.965181753424087
Houston,WOODLANDS_69,Short,565,54.00756001201269
South,HB_SOUTH,Short,512,29.57677764190911
West,HB_HOUSTON,Long,207,70.52580828380525
Houston,CORYCELL_138,Short,166,48.09036720012442
South,HB_SOUTH,Short,293,61.705800120956894
Houston,CORYCELL_138,Short,306,29.298835377635264
West,HB_HOUSTON,Short,402,50.88981929622054
North,WOODLANDS_69,Short,199,33.02710462809988
North,HB_NORTH,Long,578,44.469821009415384
Houston,HB_HOUSTON,Short,337,36.331851345301665
North,WOODLANDS_69,Short,153,53.90373748226663
Houston,HB_HOUSTON,Long,159,78.61396570519273
Houston,CORYCELL_138,Long,65,48.838385239932855
South,HB_NORTH,Short,297,79.21781805393064
North,HB_WEST,Long,413,71.49670561906177
North,HB_NORTH,Short,432,69.8150215595298
Houston,CORYCELL_138,Short,539,71.86534123715506
Houston,HB_HOUSTON,Short,344,67.64065432092818
West,HB_WEST,Short,159,37.196554803857005
Houston,HB_SOUTH,Short,174,75.30118883675753
North,HB_NORTH,Short,95,47.55622608563527
South,CORYCELL_138,Long,256,41.153260748809714
Houston,HB_SOUTH,Long,373,74.98486237560076
South,WOODLANDS_69,Long,374,62.03449561702092
Houston,CORYCELL_138,Long,402,40.1830032739787
Houston,HB_NORTH,Long,397,78.26167775070422
Houston,HB_HOUSTON,Long,71,57.33042482360381
Houston,HB_HOUSTON,Long,321,26.43521884141843
Houston,WOODLANDS_69,Long,155,56.608503779433825
Houston,CORYCELL_138,Short,492,82.30435900595407
West,WOODLANDS_69,Short,414,34.72025273024481
North,WOODLANDS_69,Short,486,43.058817690910026
West,HB_SOUTH,Short,509,38.709292384985346
North,HB_HOUSTON,Short,419,38.21876368152899
West,HB_NORTH,Short,71,29.635542263551244
West,CORYCELL_138,Long,495,52.98634841678685
North,HB_SOUTH,Short,413,74.1063592608999
Houston,HB_SOUTH,Short,487,39.40358111609834
West,WOODLANDS_69,Short,52,67.6686180247287
Houston,WOODLANDS_69,Short,418,59.383185576171805
Houston,WOODLANDS_69,Short,376,37.73606752473105
North,HB_WEST,Long,416,59.178450008977066
Houston,HB_HOUSTON,Short,252,56.35417723686869
West,HB_WEST,Short,118,38.549455576058335
Houston,HB_SOUTH,Long,241,26.01602164919798
West,HB_WEST,Short,543,49.41346563732836
South,HB_HOUSTON,Long,229,44.3899740910697
South,HB_HOUSTON,Long,185,41.96957940090387
South,HB_WEST,Short,126,66.91875692633597
West,WOODLANDS_69,Long,73,67.56733111521467
North,HB_HOUSTON,Short,476,80.60178707928665
West,HB_SOUTH,Short,486,26.64663627303214
South,CORYCELL_138,Short,252,79.62115811905215
West,HB_WEST,Short,145,65.45569366834431
North,HB_NORTH,Long,52,64.56962912611205
West,HB_HOUSTON,Long,542,84.52336176001049
Houston,HB_NORTH,Short,288,29.66604847279014
West,WOODLANDS_69,Long,236,73.19282077514808
Houston,HB_WEST,Long,91,60.600994048715
West,HB_WEST,Long,168,34.70289084909344
North,HB_NORTH,Short,134,71.24793141787194
North,HB_SOUTH,Long,489,46.518836361727566
South,CORYCELL_138,Short,348,40.16087718167611
North,HB_HOUSTON,Short,528,59.63759613494839
West,HB_HOUSTON,Short,447,53.61943421602987
Houston,HB_WEST,Short,348,34.425482818304296
North,HB_NORTH,Short,443,68.86349997485647
South,CORYCELL_138,Long,406,43.714721680285166
North,HB_HOUSTON,Long,470,54.52060601317497
South,WOODLANDS_69,Short,197,42.32571113161309
Houston,HB_NORTH,Long,155,51.416636329545895
North,HB_WEST,Short,257,39.97826289764105
West,CORYCELL_138,Short,291,53.8496432440127
West,HB_WEST,Short,89,34.639822853498174
West,HB_NORTH,Short,569,41.966566271659204
North,HB_WEST,Short,271,37.79473452393859
Houston,HB_HOUSTON,Short,109,46.65267565579617
West,HB_WEST,Long,217,74.81378295972706
West,HB_SOUTH,Long,79,54.72296486731065
North,HB_SOUTH,Short,134,50.43964503875105
South,HB_SOUTH,Short,353,59.34324443379227
South,HB_HOUSTON,Short,449,72.07613197325321
West,HB_WEST,Short,178,42.81950765927955
West,HB_HOUSTON,Short,399,73.41542909502023
Houston,HB_SOUTH,Short,492,39.9755375468071
South,WOODLANDS_69,Short,453,75.87628795806711
West,CORYCELL_138,Long,60,75.01176536383088
Houston,HB_SOUTH,Long,529,60.45188555915306
South,WOODLANDS_69,Short,292,46.39833067102232
West,HB_NORTH,Long,455,49.85542128597635
Houston,CORYCELL_138,Short,485,73.78150396373343
West,HB_SOUTH,Long,295,29.942059733773725
West,HB_WEST,Long,547,72.20779339459169
North,CORYCELL_138,Short,334,32.99655091910992
South,HB_HOUSTON,Long,341,73.93061589315778
Houston,CORYCELL_138,Short,374,79.08093979533663
North,HB_WEST,Short,330,55.80713430433266
West,HB_HOUSTON,Short,553,70.17353531777519
South,HB_SOUTH,Short,117,37.14670923308122
North,WOODLANDS_69,Short,277,71.30138572346426
South,HB_WEST,Short,190,67.17248709634093
Houston,CORYCELL_138,Short,372,31.884820225733286
Houston,HB_NORTH,Long,276,55.24233964520421
West,WOODLANDS_69,Short,216,70.96823568282724
West,CORYCELL_138,Long,379,30.551377934448183
West,HB_HOUSTON,Long,407,64.53113974823154
North,HB_SOUTH,Long,306,73.07432955585006
West,CORYCELL_138,Long,560,45.900668155627685
West,HB_WEST,Short,521,47.91190193433418
South,WOODLANDS_69,Long,133,41.467702323800324
West,HB_SOUTH,Short,475,36.218692886952844
Houston,HB_WEST,Long,269,82.47119592030151
Houston,CORYCELL_138,Long,446,67.21420560071823
North,HB_NORTH,Short,444,28.162362229871096
Houston,CORYCELL_138,Long,440,80.66021788977608
South,HB_WEST,Short,235,31.930335178012154
West,HB_WEST,Short,128,80.44355327475085
Houston,HB_WEST,Short,330,52.10685729739575
North,HB_NORTH,Long,443,54.140612408841825
South,HB_NORTH,Short,381,57.4034853300805
Houston,WOODLANDS_69,Long,178,30.624517486749397
Houston,CORYCELL_138,Long,414,64.89165270133849
West,HB_WEST,Long,471,64.24974140024511
Houston,HB_SOUTH,Long,205,59.66565455296361
Houston,HB_SOUTH,Long,555,78.26698065789517
North,CORYCELL_138,Short,513,53.70591903978426
South,HB_SOUTH,Long,194,67.63234257822586
West,CORYCELL_138,Long,238,45.35709228372463
North,CORYCELL_138,Short,52,80.47807661667072
West,HB_HOUSTON,Long,539,80.9267192541317
South,CORYCELL_138,Short,481,53.925633382578404
West,CORYCELL_138,Short,289,69.15729138714225
North,HB_NORTH,Long,154,38.99330697880937
Houston,HB_HOUSTON,Long,313,63.61028462290082
Houston,HB_WEST,Long,539,30.103980440718807
Houston,HB_SOUTH,Long,305,76.75505034620679
West,CORYCELL_138,Long,592,68.29456764213826
North,WOODLANDS_69,Short,594,82.29421922734886
Houston,CORYCELL_138,Short,226,71.69316107582782
South,HB_WEST,Long,503,35.98085226358998
Houston,CORYCELL_138,Short,338,53.048902675932105
Houston,HB_NORTH,Long,459,57.5451293461707
West,HB_SOUTH,Short,562,74.70807417074602
West,CORYCELL_138,Long,278,58.02378330160934
Houston,HB_HOUSTON,Long,541,53.601639099656026
North,WOODLANDS_69,Short,206,67.78000284959235
South,WOODLANDS_69,Long,59,63.530212498671986
West,HB_HOUSTON,Short,437,69.92669401193095
North,HB_WEST,Short,307,53.507594670685364
Houston,WOODLANDS_69,Long,205,68.41023068023475
North,WOODLANDS_69,Long,439,83.26633938634413
North,HB_HOUSTON,Long,274,35.89670960136593
West,HB_WEST,Short,545,28.138424340389847
South,CORYCELL_138,Short,537,59.24371181800253
South,HB_HOUSTON,Long,126,34.507014666143974
West,HB_NORTH,Short,143,34.90329057726825
South,HB_WEST,Long,157,65.32813561148097
West,HB_HOUSTON,Long,174,50.317846523481165
North,HB_SOUTH,Short,101,26.95208016317333
Houston,HB_NORTH,Short,529,58.6974495784309
North,HB_NORTH,Short,467,39.66326796219428
West,HB_WEST,Long,473,51.02701024854433
West,HB_HOUSTON,Long,172,27.34166047110778
North,HB_SOUTH,Short,548,28.81087741287296
North,HB_HOUSTON,Long,94,36.49287711047146
Houston,HB_HOUSTON,Short,526,68.09785605235709
North,HB_HOUSTON,Long,363,72.39899928035159
South,HB_WEST,Long,400,45.62566062995983
South,WOODLANDS_69,Long,277,32.53494310675184
Houston,WOODLANDS_69,Short,165,81.18433785810458
West,HB_WEST,Short,515,72.23127927611554
West,HB_WEST,Short,50,34.89384801762783
West,HB_HOUSTON,Long,236,38.616465959675
North,HB_HOUSTON,Long,137,27.188298185952075
West,HB_SOUTH,Short,132,79.05292820381271
North,HB_NORTH,Short,477,80.99708379301995
Houston,HB_NORTH,Long,291,29.973436042940047
West,HB_HOUSTON,Short,466,33.81380999665001
North,HB_NORTH,Long,163,37.31847250594825
South,HB_HOUSTON,Long,444,35.85510228637424
North,CORYCELL_138,Short,362,81.43417438836505
North,HB_NORTH,Short,414,40.67920889455663
South,HB_WEST,Short,138,47.491539293187195
Houston,WOODLANDS_69,Long,97,29.122221252708528
West,HB_WEST,Long,179,62.70711000560818
South,HB_WEST,Short,406,40.96039271560859
North,CORYCELL_138,Long,260,39.712083019673486
West,HB_WEST,Short,586,83.62741993368557
West,CORYCELL_138,Long,418,27.314769456397435
West,HB_HOUSTON,Long,121,36.22628357076041
North,HB_SOUTH,Long,521,55.791684493658494
Houston,CORYCELL_138,Short,362,58.73561565424094
West,HB_WEST,Long,545,67.78305334528766
Houston,HB_WEST,Short,291,37.54672912653207
West,CORYCELL_138,Long,495,48.643167646557245
South,HB_NORTH,Long,76,42.23086518639391
South,HB_WEST,Short,324,75.06968959083038
West,HB_NORTH,Long,173,46.58820619402428
West,HB_NORTH,Long,491,40.667270296721995
Houston,HB_SOUTH,Long,94,62.00953840862195
South,HB_SOUTH,Short,336,31.450755269081466
South,WOODLANDS_69,Long,64,75.93752924429623
Houston,HB_SOUTH,Long,481,41.74216085939172
West,WOODLANDS_69,Long,158,74.44073880720266
North,HB_HOUSTON,Long,76,84.48262173387147
North,WOODLANDS_69,Long,289,26.27950995454468
Houston,CORYCELL_138,Long,446,36.51833085321853
South,HB_NORTH,Short,353,69.80529572882216
North,WOODLANDS_69,Short,284,29.969760418093045
North,HB_WEST,Short,66,51.78726016281345
Houston,HB_HOUSTON,Short,154,34.03342525619726
North,HB_SOUTH,Short,550,53.185216871982675
Houston,CORYCELL_138,Long,307,25.753946114292653
North,HB_HOUSTON,Short,452,34.03257101505463
Houston,WOODLANDS_69,Short,249,41.49729608051904
Houston,HB_WEST,Short,450,36.87327072055348
North,HB_HOUSTON,Long,57,46.68101912083752
West,HB_NORTH,Short,322,33.69530486311792
West,HB_SOUTH,Short,465,74.24803623535179
North,HB_HOUSTON,Long,303,56.21555622418354
South,HB_NORTH,Short,521,43.60971308277686
North,HB_HOUSTON,Short,267,42.71147399790059
South,HB_WEST,Short,290,39.63851544237674
North,HB_SOUTH,Short,89,55.31416491631149
West,HB_SOUTH,Short,476,56.87279926485045
West,HB_HOUSTON,Long,181,84.49438374428783
Houston,CORYCELL_138,Long,266,62.740871855103634
South,HB_WEST,Long,268,56.88500930486916
South,HB_WEST,Short,121,27.29760841415561
Houston,HB_WEST,Long,202,58.001355449970866
South,CORYCELL_138,Long,69,54.69630554820817
North,CORYCELL_138,Long,183,78.79792585486115
North,HB_WEST,Long,526,68.3530115273746
South,HB_SOUTH,Long,92,53.77499571768695
South,HB_NORTH,Short,131,38.68610085232893
South,HB_HOUSTON,Short,226,67.86951255278512
West,HB_HOUSTON,Short,103,42.21629998133887
Houston,CORYCELL_138,Short,123,46.17548802694974
Houston,HB_WEST,Long,354,66.54195501900521
North,HB_WEST,Long,554,43.743805321930964
South,HB_SOUTH,Long,220,42.8116234150734
West,HB_HOUSTON,Long,410,51.53113215334797
Houston,HB_WEST,Long,164,64.80810370068926
South,HB_HOUSTON,Long,515,81.51042273360652
West,WOODLANDS_69,Long,243,33.922783586447665
South,HB_HOUSTON,Short,80,40.154527727002765
Houston,HB_WEST,Short,165,84.12137086732015
West,HB_HOUSTON,Short,578,62.0280047610006
West,HB_HOUSTON,Long,516,25.577223378272137
West,HB_SOUTH,Short,387,78.6781779759304
North,CORYCELL_138,Long,269,41.92644609819948
North,CORYCELL_138,Short,225,58.002340556501586
West,HB_SOUTH,Short,247,47.033828017415225
Houston,HB_WEST,Short,350,35.45739140542523
Houston,HB_HOUSTON,Short,290,61.11959884672708
Houston,WOODLANDS_69,Short,571,37.89778655416237
North,WOODLANDS_69,Short,51,38.68140544615096
Houston,WOODLANDS_69,Long,261,73.16155217247498
South,HB_WEST,Long,236,63.5876337248857
North,WOODLANDS_69,Short,252,80.10421241954175
South,WOODLANDS_69,Long,411,51.278932933222386
West,HB_NORTH,Short,119,55.301248208172964
Houston,HB_HOUSTON,Short,200,29.164357538930975
South,HB_NORTH,Short,380,46.58855677181673
South,HB_SOUTH,Long,532,27.92563491146162
South,HB_NORTH,Long,334,46.00598498742099
North,CORYCELL_138,Short,449,49.523232508048295
Houston,WOODLANDS_69,Short,530,35.383151685386125
South,WOODLANDS_69,Long,322,76.30519633047948
Houston,HB_HOUSTON,Long,517,45.20429389264248
South,HB_HOUSTON,Long,502,28.284519592689865
North,HB_SOUTH,Short,180,48.422635622319135
West,HB_HOUSTON,Long,545,57.8822602653495
Houston,HB_SOUTH,Long,228,53.68222545096384
Houston,HB_HOUSTON,Long,544,58.80275120944535
South,HB_NORTH,Short,100,77.9520248930674
Houston,HB_HOUSTON,Short,220,26.76010497915794
South,HB_SOUTH,Long,134,72.35466953450123
North,WOODLANDS_69,Long,221,47.55331078334616
West,WOODLANDS_69,Short,445,48.03901422964132
South,HB_NORTH,Long,344,60.41372262989849
Houston,WOODLANDS_69,Short,102,60.61449511732592
West,WOODLANDS_69,Short,170,31.340274096463702
Houston,HB_SOUTH,Long,333,63.03286057387776
South,WOODLANDS_69,Short,356,35.523082525845865
West,CORYCELL_138,Short,319,42.69708861272812
South,HB_NORTH,Short,452,54.01380552096769
Houston,CORYCELL_138,Short,287,65.03984565887826
North,WOODLANDS_69,Short,456,70.43163869500427
North,WOODLANDS_69,Short,223,68.14476945506485
North,HB_SOUTH,Short,321,56.215771933857525
Houston,CORYCELL_138,Long,66,35.21131537740697
Houston,HB_HOUSTON,Long,79,65.61016349301148
North,HB_NORTH,Short,569,83.59619435348156
West,HB_NORTH,Long,408,73.98188241929874
West,CORYCELL_138,Long,237,50.85800530736263
Houston,CORYCELL_138,Long,102,52.55528438819002
West,HB_NORTH,Short,287,82.26180455623847
West,HB_SOUTH,Long,462,29.06574780586764
North,CORYCELL_138,Long,367,60.575295876696146
South,CORYCELL_138,Long,114,33.46050548645933
West,WOODLANDS_69,Short,78,29.522998521601004
South,HB_SOUTH,Short,507,42.06277536181722
North,HB_SOUTH,Long,336,38.7671478866052
West,HB_NORTH,Long,531,27.731773435416144
West,CORYCELL_138,Long,285,76.18011503717176
West,HB_NORTH,Long,421,75.1126329130683
South,HB_WEST,Long,484,65.84495203228197
North,HB_NORTH,Long,158,71.10229974853488
South,HB_NORTH,Short,299,28.99342269997738
Houston,HB_SOUTH,Long,218,41.3656314106706
North,WOODLANDS_69,Long,428,60.49948294981686
South,HB_NORTH,Long,347,78.5267181092922
Houston,WOODLANDS_69,Short,475,67.41335245899
West,HB_HOUSTON,Short,477,26.068919513119454
West,HB_NORTH,Long,157,39.346186932330475
West,HB_SOUTH,Long,158,49.26942828224141
West,HB_WEST,Long,273,62.30984944995591
